feature1,feature2,output
3.5621672,3.101074006,0
0.9309787439999999,2.7242501519999998,0
4.793123376,6.800587058,0
0.7761403800000002,1.700440634,0
4.12814464,4.010611946,0
13.255062428,3.51852447,1
8.664882496,2.1772535499999996,1
11.845193432,1.54212734,1
15.350837301999999,-2.48413731,1
13.347512932,5.017126022,1
